{"Total epoch time": 124.54579138755798, "Mean epoch time": 62.27289569377899}
{"Total epoch time": 318.63628911972046, "Mean epoch time": 159.31814455986023}
{"Total epoch time": 29.471034765243534, "Mean epoch time": 14.735517382621767}
{"Total epoch time": 56.85499310493469, "Mean epoch time": 28.427496552467346}
{"Total epoch time": 57.66612792015076, "Mean epoch time": 28.83306396007538}
{"Total epoch time": 33.98799538612366, "Mean epoch time": 16.99399769306183}
{"Total epoch time": 39.23990321159363, "Mean epoch time": 19.619951605796814}
{"Total epoch time": 39.209991455078125, "Mean epoch time": 19.604995727539062}
{"Total epoch time": 38.97601056098938, "Mean epoch time": 19.48800528049469}
{"Total epoch time": 39.35196399688721, "Mean epoch time": 19.675981998443604}
{"Total epoch time": 50.17324709892273, "Mean epoch time": 25.086623549461365}
{"Total epoch time": 70.63227796554565, "Mean epoch time": 35.31613898277283}
{"Total epoch time": 401.8577947616577, "Mean epoch time": 200.92889738082886}
{"Total epoch time": 400.4211916923523, "Mean epoch time": 200.21059584617615}
{"Total epoch time": 493.2113070487976, "Mean epoch time": 246.6056535243988}
{"Total epoch time": 493.4618525505066, "Mean epoch time": 246.7309262752533}
{"Total epoch time": 528.756175994873, "Mean epoch time": 264.3780879974365}
{"Total epoch time": 271.22870993614197, "Mean epoch time": 135.61435496807098}
{"Total epoch time": 286.7951765060425, "Mean epoch time": 143.39758825302124}
{"Total epoch time": 344.67450475692755, "Mean epoch time": 172.33725237846377}
{"Total epoch time": 278.7682583332062, "Mean epoch time": 139.3841291666031}
{"Total epoch time": 282.7780981063843, "Mean epoch time": 141.38904905319214}
{"Total epoch time": 246.74621772766113, "Mean epoch time": 123.37310886383057}
{"Total epoch time": 245.48863053321838, "Mean epoch time": 122.74431526660919}
{"Total epoch time": 259.158451795578, "Mean epoch time": 129.579225897789}
{"Total epoch time": 310.8520531654358, "Mean epoch time": 155.4260265827179}
{"Total epoch time": 58.95974016189575, "Mean epoch time": 29.479870080947876}
{"Total epoch time": 46.05570650100708, "Mean epoch time": 23.02785325050354}
{"Total epoch time": 50.535258293151855, "Mean epoch time": 25.267629146575928}
{"Total epoch time": 73.05473375320435, "Mean epoch time": 36.52736687660217}
{"Total epoch time": 61.47651410102844, "Mean epoch time": 30.73825705051422}
{"Total epoch time": 53.974220991134644, "Mean epoch time": 26.987110495567322}
{"Total epoch time": 117.72661066055298, "Mean epoch time": 58.86330533027649}
{"Total epoch time": 943.4972856044769, "Mean epoch time": 188.69945712089537}
{"Total epoch time": 835.4435210227966, "Mean epoch time": 167.08870420455932}
{"Total epoch time": 5133.8651907444, "Mean epoch time": 1026.77303814888}
{"Total epoch time": 477.58481216430664, "Mean epoch time": 238.79240608215332}
{"Total epoch time": 338.0835990905762, "Mean epoch time": 169.0417995452881}
{"Total epoch time": 315.52291321754456, "Mean epoch time": 157.76145660877228}
{"Total epoch time": 419.74361753463745, "Mean epoch time": 209.87180876731873}
{"Total epoch time": 415.35759019851685, "Mean epoch time": 207.67879509925842}
{"Total epoch time": 339.4442903995514, "Mean epoch time": 169.7221451997757}
{"Total epoch time": 340.3182530403137, "Mean epoch time": 170.15912652015686}
{"Total epoch time": 160.4001266956329, "Mean epoch time": 160.4001266956329}
{"Total epoch time": 161.72939920425415, "Mean epoch time": 161.72939920425415}
{"Total epoch time": 161.09034538269043, "Mean epoch time": 161.09034538269043}
