{"Total epoch time": 54.22952365875244, "Mean epoch time": 10.845904731750489}
{"Total epoch time": 26.829062938690186, "Mean epoch time": 5.365812587738037}
{"Total epoch time": 26.77918648719788, "Mean epoch time": 5.355837297439576}
{"Total epoch time": 26.87116527557373, "Mean epoch time": 5.374233055114746}
{"Total epoch time": 55.197603940963745, "Mean epoch time": 11.03952078819275}
{"Total epoch time": 28.634281396865845, "Mean epoch time": 5.726856279373169}
{"Total epoch time": 27.62750220298767, "Mean epoch time": 5.5255004405975345}
{"Total epoch time": 55.19499826431275, "Mean epoch time": 11.03899965286255}
{"Total epoch time": 1909.8108372688293, "Mean epoch time": 381.96216745376586}
{"Total epoch time": 3247.1644809246063, "Mean epoch time": 649.4328961849212}
{"Total epoch time": 68.74647760391235, "Mean epoch time": 13.749295520782471}
{"Total epoch time": 36.30191111564636, "Mean epoch time": 7.260382223129272}
{"Total epoch time": 77.57164692878723, "Mean epoch time": 15.514329385757446}
